id,title,description,completed_at,created_at,updated_at
b4e1f3c4-6eeb-42de-8e11-3af3d8a76d54,Task 1,Description for Task 1,2022-01-10T08:30:00Z,2022-01-10T08:30:00Z,2022-01-10T08:30:00Z
0e649b94-c71e-4b68-85c1-03e2708ab731,Task 2,Description for Task 2,2022-02-15T13:45:00Z,2022-02-15T13:45:00Z,2022-02-15T13:45:00Z
e8e18f58-6de4-477b-a47c-2f8cb1683d92,Task 3,Description for Task 3,2022-03-20T09:15:00Z,2022-03-20T09:15:00Z,2022-03-20T09:15:00Z
7e39474f-d4fb-4b6f-9170-68eb3e1d0c74,Task 4,Description for Task 4,2022-04-25T14:30:00Z,2022-04-25T14:30:00Z,2022-04-25T14:30:00Z
d37a4f3a-491d-4b95-99e2-5d013609b5fd,Task 5,Description for Task 5,2022-05-30T10:45:00Z,2022-05-30T10:45:00Z,2022-05-30T10:45:00Z
8d55bb67-8bfc-481a-879a-52fb05ee5a0a,Task 6,Description for Task 6,2022-06-05T15:00:00Z,2022-06-05T15:00:00Z,2022-06-05T15:00:00Z
fbbf59c0-3843-4aa4-ae75-c180b2a0dd1f,Task 7,Description for Task 7,2022-07-10T11:15:00Z,2022-07-10T11:15:00Z,2022-07-10T11:15:00Z
43ed77a2-8d50-4142-891a-66b86a38c748,Task 8,Description for Task 8,2022-08-15T16:30:00Z,2022-08-15T16:30:00Z,2022-08-15T16:30:00Z
f7e6479c-9a47-445d-baa2-19e03a56a6fe,Task 9,Description for Task 9,2022-09-20T12:45:00Z,2022-09-20T12:45:00Z,2022-09-20T12:45:00Z
5ad0aef3-4980-43e2-bd2b-d6821b55a333,Task 10,Description for Task 10,2022-10-25T18:00:00Z,2022-10-25T18:00:00Z,2022-10-25T18:00:00Z
82f9ff9d-2e33-4c6c-9747-d76419ff3075,Task 11,Description for Task 11,2022-11-30T14:15:00Z,2022-11-30T14:15:00Z,2022-11-30T14:15:00Z
d670dd2e-7a5b-4af1-b660-ba7f7a07df6d,Task 12,Description for Task 12,2022-12-05T19:30:00Z,2022-12-05T19:30:00Z,2022-12-05T19:30:00Z
4e56f982-3b9a-4c82-b48f-6fb774bfe3cd,Task 13,Description for Task 13,2023-01-10T15:45:00Z,2023-01-10T15:45:00Z,2023-01-10T15:45:00Z
9a3e5e29-3a6f-4dcf-8e4c-1f7916a7a3d7,Task 14,Description for Task 14,2023-02-15T21:00:00Z,2023-02-15T21:00:00Z,2023-02-15T21:00:00Z
b8a9575f-2d26-478b-bd0a-c5f36fe689d1,Task 15,Description for Task 15,2023-03-20T17:15:00Z,2023-03-20T17:15:00Z,2023-03-20T17:15:00Z
1e4b6d7c-00e9-4b52-88df-06202c1f1099,Task 16,Description for Task 16,2023-04-25T22:30:00Z,2023-04-25T22:30:00Z,2023-04-25T22:30:00Z
d4e5d4f5-3093-4af0-9793-7ad610b14dbb,Task 17,Description for Task 17,2023-05-30T18:45:00Z,2023-05-30T18:45:00Z,2023-05-30T18:45:00Z
c3981c13-28ae-4f7f-968a-04e02a98f60e,Task 18,Description for Task 18,2023-06-05T00:00:00Z,2023-06-05T00:00:00Z,2023-06-05T00:00:00Z
3d89449e-0d7f-4e0b-93ae-2d59a2a7c858,Task 19,Description for Task 19,2023-07-10T20:15:00Z,2023-07-10T20:15:00Z,2023-07-10T20:15:00Z
34b7f0c5-7a74-40b7-9f4a-41d08b742791,Task 20,Description for Task 20,2023-08-15T02:30:00Z,2023-08-15T02:30:00Z,2023-08-15T02:30:00Z

